{"cameraMode":{"drawMode":0,"name":"Shaded","section":"Shading Mode"},"sceneLighting":false,"audioPlay":false,"sceneViewState":{"m_AlwaysRefresh":false,"showFog":true,"showSkybox":false,"showFlares":true,"showImageEffects":true,"showParticleSystems":true,"showVisualEffectGraphs":true,"m_FxEnabled":true},"in2DMode":false,"pivot":{"x":6.724016189575195,"y":1.1920928955078126e-7,"z":2.7122583389282228},"rotation":{"x":0.00457187183201313,"y":0.9869362115859985,"z":-0.15857240557670594,"w":0.028433332219719888},"size":3.2359578609466554,"orthographic":false}